"","Category","x"
"1","‭00040676-581628‬",0
"2","‭02637241‬",0
"3","‭18055778‬",433
"4","‭26366248‬",131
"5","‭29011419‬",1090
"6","‭29013329‬",636
"7","‭29566464‬",0
"8","‭30050788‬",585
"9","‭30767261‬",0
"10","‭31522907‬",0
"11","‭31545384‬",0
"12","‭31569134‬",51
"13","‭31583292‬",0
"14","‭31599401‬",34
"15","‭31607062‬",0
"16","‭31607326‬",56
"17","‭31607384‬",48
"18","‭31611219‬",0
"19","‭31611487‬",222
"20","‭31611593‬",156
"21","‭31618015‬",0
"22","‭31630725‬",0
"23","‭31658817‬",0
"24","‭31664856‬",15
"25","‭31672878‬",237
"26","‭31672881‬",0
"27","‭31680461‬",0
"28","‭31688749‬",0
"29","‭31689023‬",225
"30","‭31689374‬",70
"31","‭31689394‬",0
"32","‭31689598‬",13
"33","‭31697618‬",61
"34","‭31699851‬",211
"35","‭31699894‬",0
"36","‭31700955‬",0
"37","‭31701201‬",0
"38","‭31701207‬",117
"39","‭31702492‬",0
"40","‭31703241‬",0
"41","‭31800470‬",0
"42","‭31800488‬",95
"43","‭31801245‬",0
"44","‭31801379‬",409
"45","‭31975109‬",0
"46","‭31975540‬",61
"47","‭32001272‬",0
"48","‭32180915‬",0
"49","‭32549274‬",0
"50","‭38019264‬",3
"51","‭40229284‬",0
"52","‭40229408‬",45
"53","‭41600556‬",0
"54","‭42111435‬",0
"55","‭42278783‬",0
"56","‭42559574‬",0
"57","‭43238198‬",0
"58","‭45952965‬",0
"59","‭45952987‬",0
"60","‭46000028‬",0
"61","‭46000849‬",0
"62","‭46223820‬",0
"63","‭46370212‬",17
"64","‭46550142‬",665
"65","‭49049605‬",0
"66","‭49112058‬",114
"67","‭49113315‬",9
"68","‭49121281‬",26
"69","‭49121650‬",0
"70","‭49122226‬",89
"71","‭49123673‬",0
"72","‭49124425‬",51
"73","‭49124442‬",0
"74","‭49125313‬",0
"75","‭49125943‬",66
"76","‭49126187‬",218
"77","‭49126863‬",26
"78","‭49127455‬",0
"79","‭49128383‬",269
"80","‭49128624‬",0
"81","‭49129289‬",0
"82","‭49129398‬",5
"83","‭49129400‬",0
"84","‭49129436‬",0
"85","‭49129577‬",192
"86","‭49130088‬",0
"87","‭49130104‬",1
"88","‭49130333‬",0
"89","‭49130339‬",0
"90","‭49130346‬",0
"91","‭49130476‬",48
"92","‭49130562‬",0
"93","‭49130574‬",136
"94","‭49130778‬",423
"95","‭49130853‬",4
"96","‭49130923‬",0
"97","‭49130935‬",0
"98","‭49131350‬",395
"99","‭49132263‬",0
"100","‭49132394‬",1
"101","‭49133184‬",0
"102","‭49133387‬",0
"103","‭49133498‬",1021
"104","‭49134111‬",0
"105","‭49135196‬",0
"106","‭49135841‬",102
"107","‭49136314‬",92
"108","‭49136546‬",144
"109","‭49136556‬",173
"110","‭49136659‬",956
"111","‭49137136‬",29
"112","‭49137434‬",44
"113","‭49137593‬",199
"114","‭49137888‬",288
"115","‭49138154‬",232
"116","‭49138377‬",0
"117","‭49139215‬",215
"118","‭49160859‬",0
"119","‭49188075‬",23
"120","‭49240093‬",326
"121","‭49240095‬",446
"122","‭49240287‬",176
"123","‭49241049‬",0
"124","‭49241062‬",0
"125","‭49241951‬",176
"126","‭49242844‬",0
"127","‭49242867‬",127
"128","‭49243077‬",22
"129","‭49243098‬",205
"130","‭49243099‬",254
"131","‭49243619‬",0
"132","‭49243844‬",0
"133","‭49244332‬",0
"134","‭49244676‬",0
"135","‭49245095‬",0
"136","‭49245821‬",33
"137","‭49246536‬",108
"138","‭49246766‬",0
"139","‭49246767‬",0
"140","‭49247021‬",0
"141","‭49247086‬",0
"142","‭49247087‬",0
"143","‭49247720‬",0
"144","‭49247931‬",327
"145","‭49247952‬",123
"146","‭49249170‬",0
"147","‭49249331‬",0
"148","‭49249370‬",0
"149","‭49249381‬",93
"150","‭49401950‬",0
"151","‭49405993‬",25
"152","‭49406377‬",7
"153","‭49406833‬",0
"154","‭49409064‬",71
"155","‭49410490‬",10
"156","‭49411973‬",0
"157","‭49412879‬",0
"158","‭49413721‬",0
"159","‭49415922‬",127
"160","‭49422556‬",5
"161","‭49424352‬",17
"162","‭49425582‬",92
"163","‭49426184‬",122
"164","‭49429032‬",35
"165","‭49432874‬",29
"166","‭49434990‬",42
"167","‭49435004‬",16
"168","‭49435005‬",41
"169","‭49510369‬",519
"170","‭49511675‬",1
"171","‭49513227‬",114
"172","‭49513936‬",0
"173","‭49514498‬",0
"174","‭49514798‬",25
"175","‭49515765‬",0
"176","‭49517674‬",48
"177","‭49517696‬",19
"178","‭49517849‬",0
"179","‭49517853‬",0
"180","‭49518044‬",0
"181","‭49518187‬",70
"182","‭49519239‬",411
"183","‭49519274‬",0
"184","‭49519582‬",0
"185","‭49520020‬",0
"186","‭49520133‬",0
"187","‭49520248‬",242
"188","‭49520378‬",107
"189","‭49520561‬",126
"190","‭49521200‬",0
"191","‭49521464‬",127
"192","‭49521899‬",105
"193","‭49522689‬",31
"194","‭49522720‬",0
"195","‭50005210‬",0
"196","‭50305483‬",10
"197","‭50306163‬",0
"198","‭50361070‬",0
"199","‭50361073‬",0
"200","‭50364877‬",89
"201","‭50380524‬",0
"202","‭50400300‬",0
"203","‭50412039‬",0
"204","‭50412941‬",0
"205","‭50415849‬",17
"206","‭50570056‬",0
"207","‭50570384‬",61
"208","‭50570422‬",0
"209","‭50576095‬",17
"210","‭50576479‬",0
"211","‭50602071‬",0
"212","‭50800240‬",0
"213","‭50800256‬",49
"214","‭50800593‬",0
"215","‭50801442‬",1
"216","‭50801444‬",0
"217","‭50801445‬",0
"218","‭50801537‬",0
"219","‭50801642‬",0
"220","‭50802102‬",119
"221","‭50802859‬",0
"222","‭50900068‬",0
"223","‭50900679‬",511
"224","‭50900734‬",353
"225","‭50900735‬",1
"226","‭50900736‬",901
"227","‭50902078‬",0
"228","‭50902127‬",199
"229","‭60301559‬",102
"230","‭60301567‬",99
"231","‭60600385‬",45
"232","‭60600644‬",0
"233","‭60600751‬",50
"234","‭60600828‬",27
"235","‭60601062‬",0
"236","‭60601143‬",0
"237","‭60603340‬",18
"238","‭60603343‬",0
"239","‭60604020‬",0
"240","‭60608193‬",30
"241","‭60900451‬",78
"242","‭61000777‬",3
"243","‭61003018‬",197
"244","‭61003134‬",1
"245","‭70011415‬",57
"246","‭70044348‬",0
"247","‭70044350‬",0
"248","‭70062774‬",0
"249","‭90000313‬",13
"250","‭90000314‬",13
"251","‭90000615‬",202
"252","‭90000616‬",112
"253","‭90000773‬",227
"254","‭90001975‬",67
"255","‭90003727‬",15
"256","‭90008494‬",33
"257","‭90008932‬",0
"258","‭90008963‬",0
"259","‭90010674‬",0
"260","‭90010755‬",58
"261","‭90010757‬",47
"262","‭90010763‬",13
"263","‭90010764‬",42
"264","‭90010767‬",46
"265","‭90011524‬",12
"266","‭90015301‬",48
"267","‭90015302‬",114
"268","‭90015870‬",48
"269","‭90015885‬",242
"270","‭90019573‬",98
"271","‭90019707‬",56
"272","‭90019709‬",0
"273","‭90019710‬",0
"274","‭90019711‬",0
"275","‭90019754‬",0
"276","‭90019756‬",100
"277","‭90019768‬",0
"278","‭90019770‬",26
"279","‭90019777‬",0
"280","‭90020069‬",0
"281","‭90020416‬",0
"282","‭90020428‬",46
"283","‭90020438‬",58
"284","‭90020944‬",0
"285","‭90020961‬",33
"286","‭90023208‬",75
"287","‭90023216‬",0
"288","‭90023269‬",0
"289","‭90023287‬",0
"290","‭90023651‬",67
"291","‭90023730‬",70
"292","‭90024052‬",0
"293","‭90024221‬",44
"294","‭90024222‬",0
"295","‭90026627‬",1
"296","‭90026662‬",0
"297","‭90030456‬",0
"298","‭90030553‬",0
"299","‭90030689‬",0
"300","‭90030691‬",0
"301","‭90030692‬",3
"302","‭90030695‬",0
"303","‭90030696‬",0
"304","‭90033582‬",13
"305","‭90038349‬",0
"306","‭90038509‬",0
"307","‭90038742‬",0
"308","‭90038775‬",4
"309","‭90039204‬",0
"310","‭90039428‬",0
"311","‭90039596‬",103
"312","‭90041119‬",16
"313","‭90041218‬",906
"314","‭90043690‬",0
"315","‭90043691‬",114
"316","‭90043692‬",0
"317","‭90043922‬",0
"318","‭90045670‬",0
"319","‭90045965‬",82
"320","‭90045997‬",0
"321","‭90046003‬",0
"322","‭90046013‬",2
"323","‭90046698‬",34
"324","‭90048440‬",0
"325","‭90050419‬",0
"326","‭90050433‬",216
"327","‭90050460‬",208
"328","‭90050794‬",236
"329","‭90053880‬",0
"330","‭90054286‬",22
"331","‭90055203‬",118
"332","‭90055214‬",0
"333","‭90055215‬",106
"334","‭90056404‬",289
"335","‭90057139‬",0
"336","‭90057317‬",6
"337","‭90060797‬",179
"338","‭90060976‬",151
"339","‭90060994‬",0
"340","‭90061429‬",0
"341","‭90065076‬",167
"342","‭90065365‬",89
"343","‭90069183‬",57
"344","‭90069332‬",0
"345","‭90069458‬",0
"346","‭90070608‬",0
"347","‭90070878‬",0
"348","‭90071032‬",0
"349","‭90074513‬",22
"350","‭90074524‬",0
"351","‭90074576‬",2
"352","‭90076710‬",159
"353","‭90076716‬",0
"354","‭90077715‬",2
"355","‭90080531‬",0
"356","‭90081170‬",13
"357","‭90081371‬",0
"358","‭90081396‬",68
"359","‭90081843‬",116
"360","‭90082048‬",0
"361","‭90082126‬",191
"362","‭90082209‬",57
"363","‭90082833‬",0
"364","‭90083516‬",53
"365","‭90086410‬",52
"366","‭90087248‬",6
"367","‭90087987‬",0
"368","‭90088605‬",33
"369","‭90091063‬",0
"370","‭90091183‬",78
"371","‭90091187‬",311
"372","‭90091301‬",0
"373","‭90091869‬",55
"374","‭90092473‬",12
"375","‭90092972‬",134
"376","‭90092995‬",35
"377","‭90096716‬",48
"378","‭90096717‬",130
"379","‭90096764‬",7
"380","‭90096813‬",143
"381","‭90099120‬",0
"382","‭90099572‬",300
"383","‭90100707‬",27
"384","‭90101762‬",8
"385","‭90103997‬",0
"386","‭90104162‬",0
"387","‭90104443‬",0
"388","‭90107638‬",0
"389","‭90122723‬",119
"390","‭90123905‬",1149
"391","‭90123976‬",96
"392","‭90124014‬",0
"393","‭90124032‬",0
"394","‭90124982‬",164
"395","‭90125238‬",61
"396","‭90125709‬",79
"397","‭90125710‬",0
"398","‭90125961‬",0
"399","‭90126039‬",324
"400","‭90126457‬",0
"401","‭90126543‬",1600
"402","‭90126546‬",0
"403","‭90127573‬",11
"404","‭90128159‬",7
"405","‭90128202‬",12
"406","‭90128210‬",15
"407","‭90129062‬",47
"408","‭90129805‬",991
"409","‭90130132‬",8
"410","‭90130164‬",71
"411","‭90130254‬",16
"412","‭90130632‬",0
"413","‭90130768‬",48
"414","‭90131060‬",0
"415","‭90131117‬",5
"416","‭90131575‬",0
"417","‭90131647‬",0
"418","‭90131773‬",18
"419","‭90131960‬",104
"420","‭90132024‬",0
"421","‭90132042‬",2
"422","‭90132058‬",0
"423","‭90132810‬",0
"424","‭90133085‬",53
"425","‭90133086‬",0
"426","‭90133094‬",172
"427","‭90133097‬",0
"428","‭90133196‬",7
"429","‭90133586‬",11
"430","‭90133846‬",0
"431","‭90134026‬",0
"432","‭90134127‬",4
"433","‭90138885‬",0
"434","‭90139459‬",0
"435","‭90139572‬",0
"436","‭90139784‬",46
"437","‭90139863‬",0
"438","‭90139869‬",0
"439","‭90140542‬",0
"440","‭90140669‬",0
"441","‭90140763‬",0
"442","‭90140813‬",17
"443","‭90140833‬",117
"444","‭90140920‬",77
"445","‭90141045‬",0
"446","‭90141191‬",0
"447","‭90141621‬",159
"448","‭90141634‬",2
"449","‭90141642‬",36
"450","‭90141677‬",0
"451","‭90141679‬",0
"452","‭90141738‬",0
"453","‭90141902‬",47
"454","‭90141925‬",8
"455","‭90141927‬",129
"456","‭90141938‬",379
"457","‭90141945‬",0
"458","‭90141952‬",0
"459","‭90141969‬",143
"460","‭90141975‬",0
"461","‭90151543‬",20
"462","‭90151544‬",0
"463","‭90151751‬",7
"464","‭90151792‬",5
"465","‭90151806‬",5
"466","‭90152049‬",11
"467","‭90154714‬",0
"468","‭90154968‬",1392
"469","‭90155187‬",0
"470","‭90155195‬",10
"471","‭90155223‬",0
"472","‭90155236‬",10
"473","‭90155246‬",0
"474","‭90155461‬",4
"475","‭90155464‬",75
"476","‭90155475‬",11
"477","‭90158276‬",0
"478","‭90161602‬",0
"479","‭90168303‬",0
"480","‭90168823‬",39
"481","‭90169082‬",0
"482","‭90169158‬",0
"483","‭90169187‬",139
"484","‭90169931‬",6
"485","‭90169947‬",28
"486","‭90170026‬",0
"487","‭90170040‬",0
"488","‭90170192‬",0
"489","‭90170538‬",0
"490","‭90171229‬",64
"491","‭90171585‬",0
"492","‭90171680‬",293
"493","‭90171887‬",0
"494","‭90172347‬",0
"495","‭90172772‬",12
"496","‭90172899‬",0
"497","‭90172911‬",29
"498","‭90173331‬",10
"499","‭90173454‬",0
"500","‭90176517‬",5
"501","‭90176751‬",627
"502","‭90184225‬",362
"503","‭90184497‬",26
"504","‭90185475‬",0
"505","‭90185848‬",199
"506","‭90185975‬",117
"507","‭90186204‬",0
"508","‭90186230‬",0
"509","‭90186250‬",38
"510","‭90186294‬",15
"511","‭90186363‬",239
"512","‭90186431‬",0
"513","‭90186994‬",0
"514","‭90186995‬",0
"515","‭90186996‬",0
"516","‭90186999‬",0
"517","‭90187292‬",559
"518","‭90187295‬",0
"519","‭90187470‬",0
"520","‭90193269‬",0
"521","‭90193589‬",2
"522","‭90193844‬",5
"523","‭90201183‬",0
"524","‭90201191‬",135
"525","‭90201261‬",0
"526","‭90201478‬",89
"527","‭90201623‬",0
"528","‭90201894‬",46
"529","‭90202089‬",0
"530","‭90202141‬",0
"531","‭90202165‬",9
"532","‭90202928‬",28
"533","‭90203968‬",7
"534","‭90203994‬",0
"535","‭90204526‬",6
"536","‭90204548‬",60
"537","‭90204571‬",10
"538","‭90204620‬",0
"539","‭90207832‬",0
"540","‭90208006‬",0
"541","‭90208126‬",0
"542","‭90208181‬",94
"543","‭90208880‬",0
"544","‭90215478‬",179
"545","‭90215494‬",798
"546","‭90217247‬",5
"547","‭90217465‬",935
"548","‭90217802‬",28
"549","‭90219350‬",152
"550","‭90219505‬",70
"551","‭90224356‬",260
"552","‭90227342‬",811
"553","‭90227354‬",0
"554","‭90228520‬",57
"555","‭90228521‬",147
"556","‭90228573‬",58
"557","‭90230387‬",14
"558","‭90243867‬",0
"559","‭90243967‬",0
"560","‭90304949‬",0
"561","‭90305119‬",0
"562","‭90305127‬",0
"563","‭90305129‬",0
"564","‭90305134‬",58
"565","‭90305251‬",47
"566","‭90305271‬",0
"567","‭90305542‬",0
"568","‭90305576‬",247
"569","‭90305608‬",8
"570","‭90305622‬",0
"571","‭90305624‬",14
"572","‭90305625‬",0
"573","‭90305626‬",14
"574","‭90305627‬",29
"575","‭90305920‬",0
"576","‭90307505‬",0
"577","‭90308549‬",60
"578","‭90308634‬",0
"579","‭90308915‬",0
"580","‭90308923‬",792
"581","‭90308945‬",0
"582","‭90309016‬",158
"583","‭90319608‬",0
"584","‭90321932‬",0
"585","‭90321962‬",80
"586","‭90321966‬",258
"587","‭90321976‬",693
"588","‭90322190‬",157
"589","‭90322196‬",177
"590","‭90322215‬",83
"591","‭90322653‬",0
"592","‭90322893‬",307
"593","‭90323007‬",614
"594","‭90323071‬",0
"595","‭90323119‬",0
"596","‭90323120‬",0
"597","‭90323146‬",0
"598","‭90323152‬",0
"599","‭90323154‬",234
"600","‭90330023‬",0
"601","‭90330060‬",0
"602","‭90330080‬",0
"603","‭90330315‬",0
"604","‭90330364‬",0
"605","‭90330372‬",313
"606","‭90330541‬",49
"607","‭90330608‬",831
"608","‭90330609‬",599
"609","‭90330684‬",0
"610","‭90330694‬",0
"611","‭90331877‬",0
"612","‭90332006‬",14
"613","‭90336555‬",0
"614","‭90336561‬",259
"615","‭90336595‬",0
"616","‭90336649‬",38
"617","‭90336650‬",36
"618","‭90336677‬",67
"619","‭90336802‬",0
"620","‭90337059‬",58
"621","‭90337065‬",138
"622","‭90337156‬",302
"623","‭90337231‬",0
"624","‭90337359‬",517
"625","‭90337475‬",163
"626","‭90337514‬",59
"627","‭90337515‬",42
"628","‭90337564‬",0
"629","‭90337581‬",0
"630","‭90337784‬",0
"631","‭90337830‬",109
"632","‭90337954‬",57
"633","‭90338076‬",87
"634","‭90338231‬",0
"635","‭90338250‬",0
"636","‭90338520‬",0
"637","‭90338531‬",13
"638","‭90338747‬",0
"639","‭90338849‬",98
"640","‭90338959‬",0
"641","‭90339008‬",83
"642","‭90340783‬",46
"643","‭90341106‬",0
"644","‭90341271‬",0
"645","‭90350771‬",0
"646","‭90351018‬",2
"647","‭90351371‬",487
"648","‭90356298‬",125
"649","‭90356311‬",0
"650","‭90356576‬",345
"651","‭90356716‬",0
"652","‭90356842‬",213
"653","‭90356876‬",0
"654","‭90366519‬",0
"655","‭90366591‬",218
"656","‭90368012‬",24
"657","‭90368081‬",46
"658","‭90371435‬",309
"659","‭90372754‬",18
"660","‭90373834‬",0
"661","‭90373884‬",3
"662","‭90374752‬",26
"663","‭90375551‬",299
"664","‭90377572‬",0
"665","‭90377930‬",146
"666","‭90377949‬",0
"667","‭90378166‬",49
"668","‭90378180‬",226
"669","‭90378300‬",146
"670","‭90378528‬",229
"671","‭90380991‬",0
"672","‭90381025‬",375
"673","‭90381320‬",0
"674","‭90381334‬",1
"675","‭90381728‬",45
"676","‭90382100‬",0
"677","‭90395077‬",104
"678","‭90395579‬",0
"679","‭90396099‬",0
"680","‭90396674‬",15
"681","‭90396719‬",5
"682","‭90397244‬",601
"683","‭90397247‬",184
"684","‭90397248‬",144
"685","‭90397256‬",147
"686","‭90397316‬",122
"687","‭90397429‬",45
"688","‭90397512‬",212
"689","‭90397528‬",264
"690","‭90398152‬",0
"691","‭90398533‬",0
"692","‭90398582‬",129
"693","‭90398775‬",53
"694","‭90398787‬",0
"695","‭90398921‬",17
"696","‭90399080‬",148
"697","‭90405122‬",71
"698","‭90405133‬",50
"699","‭90405155‬",0
"700","‭90405165‬",0
"701","‭90409238‬",113
"702","‭90412075‬",0
"703","‭90417144‬",473
"704","‭90417277‬",207
"705","‭90424270‬",1
"706","‭90426163‬",0
"707","‭90437012‬",1
"708","‭90440958‬",26
"709","‭90441440‬",0
"710","‭90441690‬",0
"711","‭90441742‬",42
"712","‭90441820‬",0
"713","‭90442016‬",0
"714","‭90442112‬",0
"715","‭90442468‬",5
"716","‭90443801‬",0
"717","‭90444708‬",0
"718","‭90444804‬",0
"719","‭90444884‬",165
"720","‭90444892‬",17
"721","‭90444950‬",11
"722","‭90445005‬",0
"723","‭90445190‬",197
"724","‭90445250‬",0
"725","‭90445266‬",0
"726","‭90445276‬",0
"727","‭90445359‬",0
"728","‭95004572‬",10
"729","‭95005571‬",0
"730","‭95005802‬",55
"731","‭95005860‬",0
"732","‭95011616‬",124
"733","‭95011668‬",0
"734","‭95018268‬",0
"735","‭95018269‬",0
"736","‭95018270‬",0
"737","‭96100155‬",0
"738","‭96100158‬",0
"739","‭96100549‬",436
"740","‭96101293‬",0
"741","‭96101294‬",203
"742","‭96101297‬",1
"743","‭96101298‬",520
"744","‭96101333‬",284
"745","‭96101335‬",0
"746","‭96101341‬",130
"747","‭96101343‬",533
"748","‭96101344‬",19
"749","‭96101348‬",0
"750","‭96101353‬",550
"751","‭96101365‬",53
"752","‭96101366‬",3
"753","‭96101368‬",390
"754","‭96101643‬",0
"755","‭96101644‬",0
"756","‭96101646‬",11
"757","‭96101647‬",0
"758","‭96101648‬",0
"759","‭96101649‬",42
"760","‭96101650‬",0
"761","‭96101651‬",0
"762","‭96101652‬",15
"763","‭96101657‬",9
"764","‭96101662‬",59
"765","‭96101666‬",200
"766","‭96101678‬",278
"767","‭96102619‬",24
"768","‭96103183‬",12
"769","‭96103191‬",754
"770","‭96103194‬",333
"771","‭96103198‬",186
"772","‭96103234‬",0
"773","‭96103261‬",0
"774","‭96103268‬",0
"775","‭96103272‬",0
"776","‭96103280‬",0
"777","‭96103299‬",94
"778","‭96103300‬",286
"779","‭96103361‬",200
"780","‭96103368‬",145
"781","‭96103564‬",50
"782","‭96103597‬",0
"783","‭96103598‬",0
"784","‭96103649‬",0
"785","‭96103651‬",0
"786","‭96103696‬",0
"787","‭96103698‬",0
"788","‭96103716‬",1
"789","‭96103717‬",0
"790","‭96103719‬",0
"791","‭96103720‬",0
"792","‭96103971‬",73
"793","‭96103990‬",1
"794","‭96104038‬",0
"795","‭96104039‬",0
"796","‭96104221‬",44
"797","‭96104223‬",0
"798","‭96104375‬",18
"799","‭96104434‬",156
"800","‭96105144‬",0
"801","‭96106231‬",2
"802","‭96107095‬",0
"803","‭96107902‬",212
"804","‭96108201‬",0
"805","‭96108209‬",0
"806","‭96108215‬",26
"807","‭96108286‬",0
"808","‭96108308‬",0
"809","‭96108339‬",0
"810","‭96108361‬",0
"811","‭96108366‬",38
"812","‭96108518‬",0
"813","‭96108532‬",0
"814","‭96108533‬",0
"815","‭96108743‬",119
"816","‭96108749‬",16
"817","‭96108929‬",0
"818","‭96109039‬",592
"819","‭96109044‬",0
"820","‭96109167‬",324
"821","‭96109636‬",1246
"822","‭96110433‬",0
"823","‭96110591‬",92
"824","‭96110715‬",0
"825","‭96110731‬",11
"826","‭96110745‬",37
"827","‭96110844‬",0
"828","‭96110867‬",0
"829","‭96110881‬",102
"830","‭96110894‬",13
"831","‭96115321‬",0
"832","‭96115406‬",1
"833","‭96115408‬",0
"834","‭96115543‬",13
"835","‭96115565‬",1
"836","‭96115633‬",0
"837","‭96115671‬",0
"838","‭96115689‬",0
"839","‭96115691‬",0
"840","‭96115962‬",0
"841","‭96116040‬",55
"842","‭96116153‬",0
"843","‭96116325‬",0
"844","‭96116471‬",19
"845","‭96116652‬",72
"846","‭96116653‬",32
"847","‭96116818‬",0
"848","‭96116926‬",81
"849","‭96116934‬",0
"850","‭96117247‬",0
"851","‭96117316‬",0
"852","‭96117469;96117470‬",NA
"853","‭96117670‬",0
"854","‭96117733‬",165
"855","‭96117833‬",237
"856","‭96117869‬",0
"857","‭96117881‬",30
"858","‭96117950‬",0
"859","‭96118014‬",0
"860","‭96118279‬",0
"861","‭96118297‬",834
"862","‭96120857‬",282
"863","‭96120893‬",0
"864","‭96120904‬",0
"865","‭96125126‬",0
"866","‭96128376‬",158
"867","‭96128479‬",1
"868","‭96128480‬",1
"869","‭96128491‬",7
"870","‭96128495‬",0
"871","‭96128508‬",1
"872","‭96128510‬",24
"873","‭96128524‬",5
"874","‭96128525‬",18
"875","‭96128526‬",0
"876","‭96128802‬",57
"877","‭96128851‬",9
"878","‭96128854‬",9
"879","‭96128862‬",30
"880","‭96128863‬",21
"881","‭96128864‬",0
"882","‭96128948‬",156
"883","‭96129051‬",0
"884","‭96129053‬",190
"885","‭96129056‬",2
"886","‭96129069‬",3
"887","‭96129080‬",0
"888","‭96129083‬",0
"889","‭96129155‬",0
"890","‭96129156‬",1
"891","‭96129175‬",0
"892","‭96129176‬",1
"893","‭96129177‬",0
"894","‭96129178‬",0
"895","‭96129214‬",53
"896","‭96129224‬",9
"897","‭96129368‬",44
"898","‭96129412‬",0
"899","‭96129514‬",0
"900","‭96129584‬",306
"901","‭96129706‬",0
"902","‭96129785‬",559
"903","‭96129817‬",0
"904","‭96130012‬",122
"905","‭96130048‬",0
"906","‭96130109‬",0
"907","‭96130219‬",0
"908","‭96130436‬",0
"909","‭96130588‬",90
"910","‭96130827‬",0
"911","‭96130905‬",33
"912","‭96131057‬",22
"913","‭96131070‬",0
"914","‭96131095‬",0
"915","‭96131315‬",0
"916","‭96131747‬",121
"917","‭96131804‬",0
"918","‭96131858‬",0
"919","‭96131896‬",0
"920","‭96132048‬",0
"921","‭96132448‬",12
"922","‭96132484‬",200
"923","‭96132488‬",260
"924","‭96133658‬",9
"925","‭96137587‬",119
"926","‭96139807‬",30
"927","‭96139890‬",7
"928","‭96139891‬",16
"929","‭96140072‬",0
"930","‭96140090‬",14
"931","‭96140138‬",34
"932","‭96140819‬",181
"933","‭96140852‬",63
"934","‭96140873‬",42
"935","‭96143194‬",36
"936","‭96143195‬",0
"937","‭96143202‬",59
"938","‭96143227‬",25
"939","‭96143232‬",0
"940","‭96143233‬",0
"941","‭96143234‬",0
"942","‭96143235‬",0
"943","‭96143236‬",0
"944","‭96147396‬",0
"945","‭96152265‬",20
"946","‭96152303‬",98
"947","‭96152400‬",0
"948","‭96152485‬",0
"949","‭96152533‬",0
"950","‭96152580‬",0
"951","‭96152734‬",13
"952","‭96152758‬",470
"953","‭96152787‬",150
"954","‭96153220‬",24
"955","‭96153412‬",0
"956","‭96153975‬",0
"957","‭96154115‬",230
"958","‭96154116‬",71
"959","‭96154413‬",0
"960","‭96154691‬",0
"961","‭96155444‬",1
"962","‭96155591‬",0
"963","‭96155792‬",0
"964","‭96155808‬",0
"965","‭96155957‬",405
"966","‭96156178‬",40
"967","‭96156272‬",0
"968","‭96156685‬",97
"969","‭96157004‬",32
"970","‭96157046‬",0
"971","‭96157667‬",58
"972","‭96157993‬",1
"973","‭96158045‬",0
"974","‭96168909‬",0
"975","‭96169394‬",24
"976","‭96169402‬",17
"977","‭96169624‬",132
"978","‭96169628‬",8
"979","‭96169634‬",1
"980","‭96169635‬",12
"981","‭96169664‬",30
"982","‭96169672‬",47
"983","‭96169702‬",238
"984","‭96169818‬",0
"985","‭96169871‬",0
"986","‭96170024‬",0
"987","‭96170323‬",10
"988","‭96170353‬",10
"989","‭96170648‬",1
"990","‭96171777‬",123
"991","‭96171779‬",91
"992","‭96172096‬",21
"993","‭96174136‬",387
"994","‭96181309‬",0
"995","‭96181312‬",0
"996","‭96181348‬",26
"997","‭96181635‬",0
"998","‭96181656‬",0
"999","‭96182370‬",0
"1000","‭96183462‬",2
"1001","‭96186551‬",5
"1002","‭96186672‬",6
"1003","‭96186894‬",78
"1004","‭96186991‬",372
"1005","‭96187090‬",675
"1006","‭96187187‬",0
"1007","‭96187570‬",0
"1008","‭96187592‬",1512
"1009","‭96187670‬",47
"1010","‭96188943‬",23
"1011","‭96197776‬",8
"1012","‭96198695‬",23
"1013","‭96199495‬",19
"1014","‭96199623‬",0
"1015","‭96200022‬",13
"1016","‭96200224‬",0
"1017","‭96200384‬",0
"1018","‭96200442‬",2893
"1019","‭96200487‬",85
"1020","‭96200493‬",188
"1021","‭96200641‬",0
"1022","‭96200769‬",165
"1023","‭96200818‬",0
"1024","‭96200932‬",1
"1025","‭96201114‬",0
"1026","‭96201115‬",6
"1027","‭96201336‬",53
"1028","‭96201362‬",0
"1029","‭96201363‬",0
"1030","‭96201367‬",22
"1031","‭96201566‬",605
"1032","‭96201597‬",69
"1033","‭96201972‬",143
"1034","‭96201988‬",0
"1035","‭96202181‬",106
"1036","‭96202240‬",24
"1037","‭96202423‬",0
"1038","‭96202495‬",32
"1039","‭96202588‬",0
"1040","‭96202661‬",49
"1041","‭96202841‬",436
"1042","‭96202892‬",0
"1043","‭96202917‬",152
"1044","‭96203001‬",0
"1045","‭96203088‬",0
"1046","‭96203091‬",0
"1047","‭96203397‬",292
"1048","‭96203490‬",102
"1049","‭96203491‬",0
"1050","‭96203544‬",0
"1051","‭96203628‬",0
"1052","‭96203638‬",166
"1053","‭96203724‬",0
"1054","‭96203792‬",0
"1055","‭96203879‬",12
"1056","‭96203936‬",0
"1057","‭96203953‬",0
"1058","‭96204046‬",93
"1059","‭96204162‬",297
"1060","‭96204212‬",0
"1061","‭96204294‬",180
"1062","‭96204346‬",3
"1063","‭96204362‬",611
"1064","‭96210895‬",34
"1065","‭96211824‬",428
"1066","‭96211846‬",1
"1067","‭96212024‬",9
"1068","‭96212025‬",90
"1069","‭96212152‬",34
"1070","‭96212656‬",162
"1071","‭96214123‬",16
"1072","‭96214314‬",0
"1073","‭96214415‬",0
"1074","‭96214589‬",38
"1075","‭96214630‬",1
"1076","‭96214652‬",2
"1077","‭96214653‬",1
"1078","‭96214667‬",194
"1079","‭96215090‬",36
"1080","‭96215699‬",0
"1081","‭96215794‬",183
"1082","‭96216282‬",0
"1083","‭96216648‬",100
"1084","‭96216653‬",8
"1085","‭96216672‬",15
"1086","‭96216675‬",17
"1087","‭96216681‬",15
"1088","‭96216683‬",17
"1089","‭96216689‬",21
"1090","‭96216692‬",42
"1091","‭96216695‬",15
"1092","‭96216697‬",27
"1093","‭96216703‬",52
"1094","‭96216707‬",0
"1095","‭96216708‬",0
"1096","‭96216709‬",0
"1097","‭96216715‬",0
"1098","‭96216716‬",0
"1099","‭96216742‬",14
"1100","‭96216754‬",125
"1101","‭96217302‬",730
"1102","‭96217386‬",450
"1103","‭96217867‬",37
